patient044,0
patient044,1
patient044,2
patient044,3
patient044,4
patient044,5
patient044,6
patient044,7
patient044,8
patient147,0
patient147,1
patient147,2
patient147,3
patient147,4
patient147,5
patient147,6
patient147,7
patient147,8
patient147,9
patient147,10
patient147,11
patient147,12
patient147,13
patient147,14
patient104,0
patient104,1
patient104,2
patient104,3
patient104,4
patient104,5
patient104,6
patient104,7
patient104,8
patient108,0
patient108,1
patient108,2
patient108,3
patient108,4
patient108,5
patient108,6
patient108,7
patient108,8
patient108,9
patient133,0
patient133,1
patient133,2
patient133,3
patient133,4
patient133,5
patient133,6
patient133,7
patient133,8
patient133,9
